Player,Age,Tm,Pos,GP,GC,ExPM,OPS,DPS,PS"A.J. Greer, greeraj01",21,COL,LW,17,1,-1.4,0,0.2,0.2"Aaron Dell, dellaa01",28,SJS,G,29,0,,0,0,4.4"Aaron Ekblad, ekblaaa01",21,FLA,D,82,14,-8.9,3.1,4.7,7.8"Aaron Ness, nessaa01",27,WSH,D,8,0,-0.9,0,0.3,0.3"Adam Clendening, clendad01",25,ARI,D,5,1,-1.1,0.1,0.1,0.2"Adam Cracknell, crackad01",32,TOT,RW,5,0,-0.9,-0.1,0,-0.1"Adam Erne, ernead01",22,TBL,LW,23,2,1.4,0.1,0.1,0.2"Adam Gaudette, gaudead01",21,VAN,C,5,0,0.4,-0.2,0.2,0"Adam Henrique, henriad01",27,TOT,C,81,20,-7.5,3.6,2.1,5.7"Adam Larsson, larssad01",25,EDM,D,63,5,0,0,3.5,3.5"Adam Lowry, lowryad01",24,WPG,C,45,8,9.2,1.1,1,2.1"Adam McQuaid, mcquaad01",31,BOS,D,38,1,-2.3,-0.2,1.2,1"Adam Pelech, pelecad01",23,NYI,D,78,6,-4.5,0.4,3,3.4"Adam Wilcox, wilcoad01",25,BUF,G,1,0,,0,0,0.2"Adin Hill, hillad01",21,ARI,G,4,0,,0,0,0.4"Adrian Kempe, kempead01",21,LAK,LW,81,14,-5.7,2.4,1.8,4.2"Al Montoya, montoal01",32,TOT,G,13,1,,0,0,1.2"Alan Quine, quineal01",24,NYI,C,21,1,-4,-0.4,0.1,-0.2"Alec Martinez, martial01",30,LAK,D,77,9,-9,1.3,4.6,5.9"Aleksander Barkov, barkoal01",22,FLA,C,79,28,7.7,5.8,2.2,8"Ales Hemsky, hemskal01",34,MTL,RW,7,0,-0.8,-0.2,0,-0.1"Alex Biega, biegaal01",29,VAN,D,44,3,1.7,0.2,1.8,2"Alex Broadhurst, broadal01",24,CBJ,C,2,0,0.7,-0.1,0,0"Alex Chiasson, chiasal01",27,WSH,RW,61,7,-6.1,0.8,0.8,1.6"Alex DeBrincat, debrial01",20,CHI,RW,82,22,-2.3,4.9,1.6,6.5"Alex Formenton, formeal01",18,OTT,LW,1,0,-0.1,0,0,0"Alex Galchenyuk, galchal01",23,MTL,LW,82,19,-5.4,3.7,0.5,4.2"Alex Goligoski, goligal01",32,ARI,D,78,13,-11.1,2.6,2.2,4.8"Alex Iafallo, iafalal01",24,LAK,C,75,9,2.7,0.3,1.8,2.1"Alex Killorn, killoal01",28,TBL,LW,82,17,6.3,2.6,1.9,4.4"Alex Lyon, lyonal01",25,PHI,G,11,0,,0,0,1.1"Alex Ovechkin, ovechal01",32,WSH,LW,82,37,-3,9.3,1.9,11.2"Alex Pietrangelo, pietral01",28,STL,D,78,18,-8.1,4.5,5.3,9.8"Alex Stalock, staloal01",30,MIN,G,28,0,,0,0,4.2"Alex Steen, steenal01",33,STL,LW,76,16,5.3,2.2,1.4,3.6"Alex Tuch, tuchal01",21,VEG,RW,78,14,6.7,2.1,1.3,3.4"Alexandar Georgiev, georgal01",21,NYR,G,10,0,,0,0,2.1"Alexander Burmistrov, burmial01",26,VAN,C,24,2,-4.5,0,0.2,0.2"Alexander Edler, edleral01",31,VAN,D,70,11,-7.2,2,2.6,4.6"Alexander Kerfoot, kerfoal01",23,COL,C,79,17,-4.3,3.5,1,4.5"Alexander Nylander, nylanal01",19,BUF,RW,3,1,-0.4,0.1,-0.1,0"Alexander Petrovic, petroal01",25,FLA,D,67,4,1.5,0.3,1.9,2.2"Alexander Radulov, radulal01",31,DAL,RW,82,27,20.3,5.7,2.2,8"Alexander Wennberg, wennbal01",23,CBJ,C,66,12,10.2,1.1,2.1,3.3"Alexandre Burrows, burroal01",36,OTT,RW,71,5,-3.3,-0.3,0.6,0.4"Alexei Emelin, emelial01",31,NSH,D,76,3,-5.1,-0.6,3.1,2.6"Anders Bjork, bjorkan01",21,BOS,LW,30,4,2.5,0.6,0.5,1.1"Anders Lee, leean01",27,NYI,LW,82,27,-7.4,6.5,0.3,6.7"Anders Nilsson, nilssan01",27,VAN,G,27,0,,0,0,3.7"Andre Burakovsky, burakan01",22,WSH,LW,56,10,-1,1.6,0.9,2.6"Andreas Athanasiou, athanan01",23,DET,LW,71,13,-3.4,2,0.8,2.7"Andreas Borgman, borgman01",22,TOR,D,48,4,3.1,0.6,1.5,2.2"Andreas Englund, engluan01",22,OTT,D,1,0,-0.1,0,0.1,0.1"Andreas Johnsson, johnsan01",23,TOR,LW,9,1,1.9,0.2,0,0.3"Andreas Martinsen, martian01",27,CHI,LW,9,1,-0.3,-0.1,0.1,0"Andrei Mironov, mironan01",23,COL,D,10,1,-1.7,0.3,0.4,0.7"Andrei Vasilevskiy, vasilan02",23,TBL,G,65,1,,0,0,13.2"Andrej Sekera, sekeran01",31,EDM,D,36,2,-4.5,0.1,0,0.1"Andrej Sustr, sustran01",27,TBL,D,44,2,-1,0.2,0.4,0.6"Andrew Cogliano, coglian01",30,ANA,LW,80,13,-5.2,1.4,2,3.5"Andrew Copp, coppan01",23,WPG,C,82,10,6.4,0.6,1.8,2.4"Andrew Crescenzi, crescan01",25,LAK,C,2,0,-0.8,0,0,0"Andrew Hammond, hammoan01",29,COL,G,1,0,,0,0,0.3"Andrew Ladd, laddan01",32,NYI,LW,73,11,-0.5,0.9,1.5,2.4"Andrew MacDonald, macdoan01",31,PHI,D,66,7,0.2,1.1,3.2,4.3"Andrew Mangiapane, mangian01",21,CGY,LW,10,0,-0.9,-0.3,0,-0.3"Andrew Shaw, shawan01",26,MTL,RW,51,8,2.8,0.9,0.7,1.6"Andy Andreoff, andrean01",26,LAK,LW,45,3,-4.3,0,0.3,0.3"Andy Greene, greenan01",35,NJD,D,81,4,-0.9,-0.4,3.1,2.7"Andy Welinski, welinan01",24,ANA,D,7,1,-2.3,0.1,0.2,0.2"Anthony Beauvillier, beauvan01",20,NYI,LW,71,15,0.4,2.9,1,3.9"Anthony Bitetto, bitetan01",27,NSH,D,32,1,-0.8,-0.1,0.7,0.6"Anthony Cirelli, cirelan01",20,TBL,C,18,4,1.2,1,0.6,1.6"Anthony DeAngelo, deangan01",22,NYR,D,32,2,0.6,0.2,-0.2,0"Anthony Duclair, duclaan01",22,TOT,LW,56,9,-0.7,1.4,0.8,2.2"Anthony Mantha, manthan01",23,DET,RW,80,19,1.1,3.5,1.7,5.2"Anthony Peluso, pelusan01",28,WSH,RW,2,0,0,0,0,0"Antoine Roussel, roussan01",28,DAL,LW,73,6,3.3,-0.2,1.2,0.9"Antoine Vermette, vermean01",35,ANA,C,64,6,-6.5,0,0.8,0.8"Anton Blidh, blidhan01",22,BOS,LW,1,0,0,0,0,0"Anton Forsberg, forsban01",25,CHI,G,35,0,,0,0,4.7"Anton Khudobin, khudoan01",31,BOS,G,31,1,,0,0,5"Anton Lindholm, lindhan01",23,COL,D,48,1,-7.4,-0.4,1.6,1.3"Anton Slepyshev, slepyan01",23,EDM,LW,50,5,0.4,0.2,0.5,0.7"Anton Stralman, stralan01",31,TBL,D,80,6,5.4,0.1,4.6,4.7"Antti Niemi, niemian02",34,TOT,G,24,0,,0,0,3.9"Antti Raanta, raantan01",28,ARI,G,47,0,,0,0,10.4"Anze Kopitar, kopitan01",30,LAK,C,82,34,5.5,8,3.1,11"Artem Anisimov, anisiar01",29,CHI,C,72,14,-8.3,1.9,0.7,2.6"Artemi Panarin, panarar01",26,CBJ,LW,81,30,8.3,6.8,2.6,9.4"Artturi Lehkonen, lehkoar01",22,MTL,LW,66,9,4.9,0.4,0.9,1.4"Ashton Sautner, sautnas01",23,VAN,D,5,1,0.4,0.1,0.5,0.6"Austin Czarnik, czarnau01",25,BOS,C,10,1,1.2,0.1,0.1,0.2"Austin Watson, watsoau01",26,NSH,LW,76,9,-7.5,0.8,1,1.8"Auston Matthews, matthau01",20,TOR,C,62,27,8.3,7,2.1,9"Barclay Goodrow, goodrba01",24,SJS,RW,47,6,3.4,0.7,0.7,1.4"Beau Bennett, bennebe01",26,STL,RW,6,0,-0.4,-0.2,0,-0.2"Ben Bishop, bishobe01",31,DAL,G,53,0,,0,0,8.7"Ben Chiarot, chiarbe01",26,WPG,D,57,4,1.2,0.6,2.8,3.4"Ben Harpur, harpube01",23,OTT,D,41,0,-7,-0.7,-0.3,-0.9"Ben Hutton, huttobe01",24,VAN,D,61,2,-6.6,-0.8,1.9,1.1"Ben Lovejoy, lovejbe01",33,NJD,D,57,3,5.2,-0.1,2.7,2.6"Ben Sexton, sextobe01",26,OTT,C,2,0,0,-0.1,0,-0.1"Benoit Pouliot, poulibe01",31,BUF,LW,74,9,-8.4,0.5,1.2,1.7"Blake Coleman, colembl01",26,NJD,C,79,11,6.1,0.8,1.6,2.5"Blake Comeau, comeabl01",31,COL,LW,79,13,-8.4,1.4,1.7,3.1"Blake Hillman, hillmbl01",22,CHI,D,4,1,-0.4,0.1,0.1,0.2"Blake Pietila, pietibl01",24,NJD,LW,2,0,0.4,-0.1,0,0"Blake Wheeler, wheelbl01",31,WPG,RW,81,31,10.6,7.1,2.1,9.2"Bo Horvat, horvabo01",22,VAN,C,64,18,0.2,3.4,1.5,4.9"Bobby Ryan, ryanbo01",30,OTT,RW,62,12,3.2,1.7,0.7,2.4"Boo Nieves, nievecr01",24,NYR,C,28,3,-3,0.2,0.6,0.8"Boone Jenner, jennebo01",24,CBJ,C,75,12,-3.7,1.2,1.4,2.6"Brad Hunt, huntbr01",29,VEG,D,45,6,0.2,1.3,1.1,2.3"Brad Malone, malonbr01",28,EDM,C,7,0,1.1,-0.2,0.1,-0.1"Brad Marchand, marchbr03",29,BOS,LW,68,32,8.4,8.4,2.5,11"Brad Richardson, richabr02",32,ARI,C,76,5,-0.5,-1.3,0.6,-0.7"Braden Holtby, holtbbr01",28,WSH,G,54,0,,0,0,8.3"Brady Skjei, skjeibr01",23,NYR,D,82,8,-6.4,0.9,1.8,2.7"Brandon Carlo, carlobr01",21,BOS,D,76,2,8.5,-1.2,3.9,2.7"Brandon Davidson, davidbr01",26,TOT,D,51,3,0.6,0.1,0.7,0.7"Brandon Dubinsky, dubinbr01",31,CBJ,C,62,6,-3.7,-0.4,0.9,0.6"Brandon Halverson, halvebr01",21,NYR,G,1,0,,0,0,0"Brandon Manning, mannibr01",27,PHI,D,65,7,3.3,1.2,2.3,3.5"Brandon Montour, montobr01",23,ANA,D,80,11,-5.7,2.2,4.7,6.9"Brandon Pirri, pirribr01",26,VEG,RW,2,2,0.1,0.5,0.2,0.7"Brandon Saad, saadbr01",25,CHI,LW,82,14,5,1.4,1.3,2.7"Brandon Sutter, suttebr03",28,VAN,C,61,10,-11.9,0.9,1.7,2.5"Brandon Tanev, tanevbr01",26,WPG,LW,61,7,6.6,0.5,1.3,1.8"Brayden McNabb, mcnabbr01",27,VEG,D,76,5,0.8,0.2,5,5.2"Brayden Point, pointbr01",21,TBL,C,82,26,8.3,5.5,1.9,7.5"Brayden Schenn, schenbr01",26,STL,C,82,26,8.7,5.4,2.5,7.9"Braydon Coburn, coburbr01",32,TBL,D,72,4,-2.3,0.2,1.8,2"Brendan Gallagher, gallabr01",25,MTL,RW,82,24,11.4,5.3,1.2,6.5"Brendan Gaunce, gauncbr01",23,VAN,LW,37,3,-2.2,-0.3,0.6,0.3"Brendan Guhle, guhlebr01",20,BUF,D,18,1,0.6,0.1,0.4,0.5"Brendan Leipsic, leipsbr01",23,TOT,LW,58,7,2.8,0.7,0.7,1.4"Brendan Lemieux, lemiebr01",21,WPG,LW,9,1,-0.6,0,0.1,0.2"Brendan Perlini, perlibr01",21,ARI,LW,74,13,-5.6,1.8,1.4,3.2"Brendan Smith, smithbr05",28,NYR,D,44,2,-2.6,0,1.9,1.9"Brenden Dillon, dillobr01",27,SJS,D,81,7,-0.1,1,2.8,3.8"Brent Burns, burnsbr01",32,SJS,D,82,21,4.4,5.4,3.7,9.1"Brent Seabrook, seabrbr01",32,CHI,D,81,9,-1,1.4,3.5,4.9"Brett Connolly, connobr01",25,WSH,RW,70,11,-8.6,2,0.7,2.6"Brett Kulak, kulakbr01",24,CGY,D,71,3,2.1,-0.1,2.1,1.9"Brett Lernout, lernobr01",22,MTL,D,18,0,-3,-0.3,0.3,0"Brett Pesce, pescebr01",23,CAR,D,65,6,5,0.6,2.8,3.4"Brett Ritchie, ritchbr01",24,DAL,RW,71,6,8.4,0,1,1"Brian Boyle, boylebr01",33,NJD,C,69,10,5.6,1.2,0.7,2"Brian Dumoulin, dumoubr01",26,PIT,D,80,6,7.8,0.3,3,3.3"Brian Elliott, elliobr01",32,PHI,G,43,0,,0,0,6.4"Brian Gibbons, gibbobr02",29,NJD,LW,59,11,-0.3,1.6,1.4,3"Brian Gionta, giontbr01",39,BOS,RW,20,2,1.8,0.2,0.3,0.5"Brian Lashoff, lashobr01",27,DET,D,1,0,-0.1,0,0,0"Brock Boeser, boesebr01",20,VAN,RW,62,23,-3.4,5.6,1.2,6.8"Brock McGinn, mcginbr01",23,CAR,LW,80,12,-0.8,1.4,1,2.5"Brock Nelson, nelsobr01",26,NYI,LW,82,14,-11.1,2.1,0.9,3"Brooks Laich, laichbr01",34,LAK,C,12,0,-3.7,-0.3,0,-0.3"Brooks Orpik, orpikbr01",37,WSH,D,81,3,-18.1,-0.9,2.3,1.3"Bryan Little, littlbr01",30,WPG,C,82,16,-0.7,2.2,1.5,3.6"Bryan Rust, rustbr01",25,PIT,RW,69,14,4.7,2.1,1.6,3.7"Byron Froese, froesby01",26,MTL,C,48,4,-1.4,-0.1,0.7,0.6"Cal Clutterbuck, cluttca01",30,NYI,RW,76,7,-12.5,-0.1,0.6,0.5"Cal O'Reilly, oreilca01",31,MIN,C,1,0,0,0,0,0"Calle Jarnkrok, jarnkca01",26,NSH,C,68,14,-4.6,2.3,1.8,4.1"Calle Rosen, rosenca01",23,TOR,D,4,0,-0.8,0,-0.1,-0.1"Calvin de Haan, dehaaca01",26,NYI,D,33,3,-0.6,0.6,1.9,2.4"Calvin Pickard, pickaca01",25,TOR,G,1,0,,0,0,0"Cam Atkinson, atkinca01",28,CBJ,RW,65,19,4.3,3.9,2.1,5.9"Cam Fowler, fowleca01",26,ANA,D,67,11,-1.5,2,3.8,5.8"Cam Talbot, talboca01",30,EDM,G,67,0,,0,0,10.3"Cam Ward, wardca01",33,CAR,G,43,0,,0,0,5.8"Carey Price, priceca01",30,MTL,G,49,0,,0,0,6.4"Carl Dahlstrom, dahlsca01",23,CHI,D,11,1,-0.7,0.1,0.3,0.4"Carl Gunnarsson, gunnaca01",31,STL,D,63,4,0.9,0.2,3.5,3.7"Carl Hagelin, hagelca01",29,PIT,LW,81,11,12.6,0.6,1.7,2.2"Carl Soderberg, soderca01",32,COL,C,77,14,-5.5,1.8,1.6,3.4"Carson Soucy, soucyca01",23,MIN,D,3,0,0.7,-0.1,-0.1,-0.1"Carter Hutton, huttoca01",32,STL,G,32,0,,0,0,6.2"Carter Rowney, rowneca01",28,PIT,RW,44,2,-2.1,-0.4,-0.1,-0.5"Casey Cizikas, cizikca01",26,NYI,C,64,6,-8.6,0.1,0.3,0.4"Casey DeSmith, desmica01",26,PIT,G,14,0,,0,0,2.3"Casey Mittelstadt, mitteca01",19,BUF,C,6,2,0.4,0.4,0.2,0.6"Casey Nelson, nelsoca01",25,BUF,D,37,3,-5,0.3,0.8,1.1"Cedric Paquette, paquece01",24,TBL,C,56,4,-3.2,-0.2,0.2,0.1"Chad Johnson, johnsch02",31,BUF,G,36,0,,0,0,3.1"Chad Ruhwedel, ruhwech01",27,PIT,D,44,2,2.3,-0.1,0.8,0.7"Chandler Stephenson, stephch02",23,WSH,C,67,6,-4.4,0.2,1.4,1.6"Charles Hudon, hudonch01",23,MTL,LW,72,11,1.8,1.4,0.8,2.2"Charlie Coyle, coylech01",25,MIN,C,66,13,5.7,1.9,1.4,3.3"Charlie Lindgren, lindgch01",24,MTL,G,14,0,,0,0,2.3"Charlie McAvoy, mcavoch01",20,BOS,D,63,11,10.1,2.3,4.5,6.8"Chase Balisy, balisch01",25,FLA,C,8,0,-0.5,-0.2,0,-0.2"Chris Bigras, bigrach01",22,COL,D,15,0,-2.3,-0.2,0.3,0.1"Chris Butler, butlech01",31,STL,D,6,0,0.2,-0.1,0.3,0.2"Chris Kelly, kellych01",37,ANA,C,12,1,-2.1,-0.1,0.1,0.1"Chris Kreider, kreidch01",26,NYR,LW,58,14,4.6,3,1,4"Chris Kunitz, kunitch01",38,TBL,LW,82,11,0.3,1.6,1.1,2.6"Chris Stewart, stewach02",30,TOT,RW,54,7,0.1,1,0.4,1.5"Chris Tanev, tanevch01",28,VAN,D,42,4,-5.6,0.3,2.5,2.8"Chris Thorburn, thorbch01",34,STL,RW,50,2,-2.4,-0.2,0.3,0.1"Chris Tierney, tiernch01",23,SJS,C,82,15,-3,2.1,1.6,3.7"Chris Wagner, wagnech01",26,TOT,RW/C,79,6,-13.7,-0.6,0.7,0.2"Chris Wideman, widemch01",28,OTT,D,16,3,2.4,0.9,0.8,1.7"Christian Djoos, djoosch01",23,WSH,D,63,5,3.8,0.6,2.7,3.3"Christian Dvorak, dvorach01",21,ARI,C,78,14,-6.1,1.8,1,2.8"Christian Fischer, fischch01",20,ARI,RW,79,13,0.2,1.9,0.8,2.7"Christian Folin, folinch01",26,LAK,D,65,4,1,0.4,2.6,3"Christian Jaros, jarosch01",21,OTT,D,2,0,0.4,0,0,0"Christian Wolanin, wolanch01",22,OTT,D,10,1,0.7,0.2,0,0.2"Christoph Bertschy, bertsch02",23,MIN,C,1,0,-0.4,0,0,0"Christopher Didomenico, didomch01",28,OTT,LW,24,4,-1,0.9,0.2,1"Christopher Gibson, gibsoch01",25,NYI,G,8,0,,0,0,1.5"Claude Giroux, giroucl01",30,PHI,C,82,36,10.6,9,2.8,11.8"Clayton Keller, kellecl01",19,ARI,LW,82,24,-0.5,4.9,1.7,6.7"Cody Ceci, cecico01",24,OTT,D,82,6,-13.5,0.1,2.2,2.2"Cody Eakin, eakinco01",26,VEG,C,80,10,-3.6,0.7,0.9,1.7"Cody Franson, fransco01",30,CHI,D,23,2,3,0.4,0.8,1.1"Cody McLeod, mcleoco01",33,TOT,LW,48,1,-5.4,-0.5,0,-0.5"Colby Cave, caveco01",23,BOS,C,3,0,0.2,-0.1,0,-0.1"Colin Miller, milleco02",25,VEG,D,82,14,10.4,3.3,2.8,6.1"Colin White, whiteco02",21,OTT,C,21,2,-3.3,0,0.4,0.4"Colin Wilson, wilsoco01",28,COL,C,56,7,0.3,0.4,0.7,1.1"Collin Delia, deliaco01",23,CHI,G,2,0,,0,0,0.2"Colton Parayko, parayco01",24,STL,D,82,11,9.9,1.9,3.8,5.6"Colton Sceviour, scevico01",28,FLA,RW,76,9,-3.2,0.7,1.3,2"Colton Sissons, sissoco01",24,NSH,C,81,10,-2.3,0.1,1.3,1.4"Connor Brickley, brickco01",25,FLA,LW,44,4,-2.4,0.2,0.3,0.5"Connor Brown, brownco02",24,TOR,RW,82,12,0.8,0.9,1.2,2.1"Connor Carrick, carrico01",23,TOR,D,47,4,7.6,0.8,1.7,2.5"Connor Hellebuyck, helleco01",24,WPG,G,67,1,,0,0,14"Connor McDavid, mcdavco01",21,EDM,C,82,41,13.7,10.5,2.6,13.1"Connor Murphy, murphco02",24,CHI,D,76,4,3.4,0.1,2.6,2.7"Conor Sheary, shearco01",25,PIT,LW,79,13,8.8,1.8,1.2,3.1"Corey Crawford, crawfco01",33,CHI,G,28,0,,0,0,6.2"Corey Perry, perryco01",32,ANA,RW,71,18,-4,3.3,1.2,4.5"Cory Conacher, conacco01",28,TBL,LW,36,5,1.1,1,0.3,1.3"Cory Schneider, schneco01",31,NJD,G,40,0,,0,0,6.2"Craig Anderson, andercr01",36,OTT,G,58,0,,0,0,7.2"Craig Smith, smithcr01",28,NSH,RW,79,21,15,4.5,2,6.5"Curtis Lazar, lazarcu01",22,CGY,RW,65,4,-0.1,-0.4,0.5,0.1"Curtis McElhinney, mcelhcu01",34,TOR,G,18,0,,0,0,4.2"Curtis McKenzie, mckencu01",26,DAL,LW,7,1,1.7,0.1,0.2,0.2"Curtis Valk, valkcu01",24,FLA,LW,1,0,-0.2,0,0,0"Dakota Mermis, mermida01",24,ARI,D,9,0,0.5,-0.1,0.1,0"Dale Weise, weiseda01",29,PHI,RW,46,3,-5.6,-0.2,0.2,0.1"Dalton Prout, proutda01",27,NJD,D,4,0,0.4,-0.1,0,-0.1"Damon Severson, severda01",23,NJD,D,76,9,4.7,1.6,2.7,4.4"Dan Girardi, girarda01",33,TBL,D,77,6,-1,0.8,3.3,4"Dan Hamhuis, hamhuda01",35,DAL,D,80,7,2.4,0.8,3.1,3.9"Danick Martel, marteda01",23,PHI,LW,4,0,0.6,-0.1,0,-0.1"Daniel Brickley, brickda01",22,LAK,D,1,0,0.3,0.1,0.1,0.2"Daniel Carr, carrda01",26,MTL,LW,38,6,2.2,1,0.7,1.7"Daniel Catenacci, catenda01",24,NYR,C,1,0,-0.5,0,0,-0.1"Daniel O'Regan, oregada01",24,TOT,C,21,1,1.3,-0.2,0.2,0"Daniel Sedin, sedinda01",37,VAN,LW,81,21,4.2,4.6,0.8,5.4"Daniel Sprong, spronda01",20,PIT,RW,8,1,3.8,0.2,0.2,0.4"Daniel Taylor, tayloda02",31,OTT,G,1,0,,0,0,0.1"Daniel Winnik, winnida01",32,MIN,LW,81,8,-2.3,-0.1,1.3,1.2"Danny DeKeyser, dekeyda01",27,DET,D,65,5,-2.5,0.2,3.3,3.5"Danton Heinen, heineda01",22,BOS,C,77,17,10.4,3.2,1.7,4.9"Darcy Kuemper, kuempda01",27,TOT,G,29,0,,0,0,5.3"Darnell Nurse, nurseda01",22,EDM,D,82,9,1.4,1,4.7,5.8"Darren Archibald, archida02",27,VAN,RW,27,4,-6.4,0.2,0.5,0.7"Darren Helm, helmda01",31,DET,LW,75,12,-9.8,1.2,1.5,2.8"David Backes, backeda01",33,BOS,RW,57,13,7.4,2.4,1.1,3.4"David Booth, boothda01",33,DET,LW,28,2,-3.6,0.4,0,0.4"David Desharnais, deshada01",31,NYR,C,71,9,-6.9,0.9,0.3,1.2"David Kampf, kampfda01",23,CHI,C,46,4,-0.2,-0.1,0.3,0.2"David Krejci, krejcda01",31,BOS,C,64,16,7.3,3.2,1.6,4.9"David Pastrnak, pastrda01",21,BOS,RW,82,31,7.2,7.7,2.1,9.8"David Perron, perroda01",29,VEG,LW,70,22,0.8,5.1,1.3,6.4"David Rittich, rittida01",25,CGY,G,21,0,,0,0,2.4"David Savard, savarda01",27,CBJ,D,81,5,-2.4,0.1,3.4,3.5"David Schlemko, schleda01",30,MTL,D,37,2,5.6,-0.2,1.8,1.6"David Warsofsky, warsoda01",27,COL,D,16,1,0.5,0.3,0.8,1"Dean Kukan, kukande01",24,CBJ,D,11,1,2,0.2,0.4,0.7"Denis Malgin, malgide01",21,FLA,C,51,9,-1.3,1.4,0.9,2.3"Dennis Rasmussen, rasmude01",27,ANA,C,27,1,-3,-0.2,0.4,0.3"Dennis Seidenberg, seidede01",36,NYI,D,28,1,-8.4,-0.1,0.1,0"Derek Dorsett, dorsede01",31,VAN,RW,20,4,-3.9,0.8,0.3,1.1"Derek Forbort, forbode01",25,LAK,D,78,5,-3.2,-0.1,5.4,5.4"Derek Grant, grantde01",27,ANA,C,66,10,-4.1,1.7,0.9,2.6"Derek MacKenzie, mackede01",36,FLA,C,75,5,-4.7,-0.6,0.6,-0.1"Derek Ryan, ryande01",31,CAR,C,80,14,7.6,1.9,1,2.9"Derek Stepan, stepade01",27,ARI,C,82,19,-3.2,2.8,1.9,4.7"Derick Brassard, brassde01",30,TOT,C,72,18,5.7,3.3,1.4,4.7"Derrick Pouliot, poulide01",24,VAN,D,71,7,-5.3,1,1.3,2.3"Deryk Engelland, engelde01",35,VEG,D,79,8,-4,0.9,3.6,4.5"Devan Dubnyk, dubnyde01",31,MIN,G,60,1,,0,0,11"Devante Smith-Pelly, smithde06",25,WSH,RW,75,6,-3.9,-0.2,0.8,0.5"Devin Shore, shorede01",23,DAL,C,82,12,0.1,1,0.4,1.4"Dillon Heatherington, heathdi01",22,DAL,D,6,0,-0.3,0,0.4,0.4"Dion Phaneuf, phanedi01",32,TOT,D,79,9,-11.3,1.3,2.5,3.8"Dmitrij Jaskin, jaskidm01",24,STL,RW,76,6,2.4,-0.3,1.5,1.1"Dmitry Kulikov, kulikdm01",27,WPG,D,62,4,0,0.1,2.5,2.6"Dmitry Orlov, orlovdm01",26,WSH,D,82,11,-0.6,1.8,4.4,6.2"Dominic Moore, mooredo01",37,TOR,C,50,5,1.5,0.4,0.6,1.1"Dominic Toninato, tonindo01",23,COL,C,37,1,1.6,-0.6,0.4,-0.3"Dominic Turgeon, turgedo01",21,DET,C,5,0,-1.4,-0.1,0,-0.2"Dominik Simon, simondo01",23,PIT,C,33,4,0.4,0.6,0.5,1.1"Dougie Hamilton, hamildo01",24,CGY,D,82,16,16.2,4,4.5,8.5"Drake Caggiula, caggidr01",23,EDM,LW,67,9,-1.7,0.9,0.5,1.3"Drew Doughty, doughdr01",28,LAK,D,82,19,4.7,4.4,7.3,11.7"Drew Stafford, staffdr01",32,NJD,RW,59,6,-0.6,0.1,0.2,0.3"Dryden Hunt, huntdr01",22,FLA,LW,11,0,-1.4,-0.2,-0.1,-0.3"Duncan Keith, keithdu01",34,CHI,D,82,9,-3.7,1.1,2.2,3.3"Duncan Siemens, siemedu01",24,COL,D,16,1,-0.2,0.1,0,0.1"Dustin Brown, browndu01",33,LAK,RW,81,24,5.8,4.6,3.2,7.8"Dustin Byfuglien, byfugdu01",32,WPG,D,69,14,5.9,3.4,4.4,7.7"Dylan DeMelo, demeldy01",24,SJS,D,63,5,4.7,0.9,2.1,3"Dylan Ferguson, fergudy01",19,VEG,G,1,0,,0,0,-0.1"Dylan Gambrell, gambrdy01",21,SJS,C,3,0,-0.8,-0.1,0,-0.1"Dylan Larkin, larkidy01",21,DET,C,82,21,-5.6,3.5,1.6,5.2"Dylan Sikura, sikurdy01",22,CHI,RW,5,1,-0.1,0.1,0.2,0.3"Dylan Strome, stromdy01",20,ARI,C,21,4,0.7,0.6,0.5,1.1"Eddie Lack, lacked01",30,TOT,G,8,0,,0,0,0.2"Eeli Tolvanen, tolvaee01",18,NSH,RW,3,0,-0.4,-0.1,0,-0.1"Elias Lindholm, lindhel01",23,CAR,C,81,16,4.1,2.1,1.5,3.6"Eric Comrie, comrier01",22,WPG,G,3,0,,0,0,0.1"Eric Fehr, fehrer01",32,TOT,C,18,2,0.8,0.1,0.5,0.6"Eric Gryba, grybaer01",29,EDM,D,21,1,0.1,-0.2,0.9,0.7"Eric Robinson, robiner01",22,CBJ,LW,1,0,-0.4,0,0.1,0"Eric Staal, staaler01",33,MIN,C,82,32,8.8,8,1.8,9.8"Erik Burgdoerfer, burgder01",29,OTT,D,2,0,0.6,0.1,0.2,0.3"Erik Gudbranson, gudbrer01",26,VAN,D,52,2,-11.8,-0.5,1.7,1.2"Erik Gustafsson, gustaer02",25,CHI,D,35,6,3.6,1.4,1.6,2.9"Erik Haula, haulaer01",26,VEG,LW,76,23,2.5,5.1,0.7,5.8"Erik Johnson, johnser01",29,COL,D,62,9,-1.5,1.6,3.5,5.1"Erik Karlsson, karlser01",27,OTT,D,71,19,-3.7,4.9,2.3,7.2"Esa Lindell, lindees01",23,DAL,D,80,9,14,1.4,5.3,6.7"Ethan Bear, bearet01",20,EDM,D,18,1,-5.1,0.1,-0.2,-0.1"Evan Rodrigues, rodriev01",24,BUF,LW,48,9,-0.6,1.5,0.6,2"Evander Kane, kaneev01",26,TOT,LW,78,22,10.3,4.3,1.8,6.1"Evgeni Dadonov, dadonev01",28,FLA,RW,74,25,13.6,5.6,1.9,7.5"Evgeni Malkin, malkiev01",31,PIT,C,78,38,10.5,10.2,2.2,12.4"Evgeny Kuznetsov, kuzneev01",25,WSH,C,79,30,-0.1,7.1,1.7,8.8"Evgeny Svechnikov, svechev01",21,DET,RW,14,2,-0.3,0.3,0.1,0.3"Filip Chlapik, chlapfi01",20,OTT,C,20,1,-0.3,-0.1,0,0"Filip Chytil, chytifi01",18,NYR,C,9,1,-3.4,0.1,0,0"Filip Forsberg, forsbfi01",23,NSH,LW,67,25,0.7,6.1,2.2,8.3"Francois Beauchemin, beaucfr01",37,ANA,D,67,5,-8.9,0.6,3.4,4"Frank Corrado, corrafr01",24,PIT,D,5,0,1.2,-0.1,0,0"Frank Vatrano, vatrafr01",23,TOT,C,41,5,4.1,0.5,0.6,1.1"Frans Nielsen, nielsfr01",33,DET,C,79,13,-5.5,1.5,1.6,3.1"Freddie Hamilton, hamilfr01",26,TOT,C,16,0,-1.8,-0.3,0.2,-0.1"Frederick Gaudreau, gaudrfr01",24,NSH,C,20,1,-2.7,-0.2,0.2,0"Frederik Andersen, anderfr01",28,TOR,G,66,0,,0,0,13.6"Frederik Gauthier, gauthfr01",22,TOR,C,9,1,-1.7,0,-0.1,-0.1"Fredrik Claesson, claesfr01",25,OTT,D,64,2,-6,-0.4,1.6,1.2"Gabriel Bourque, bourqga01",27,COL,LW,58,4,-4.4,-0.1,0.5,0.4"Gabriel Carlsson, carlsga01",21,CBJ,D,14,1,0.1,0,0.3,0.3"Gabriel Dumont, dumonga01",27,TOT,C,30,1,-1.5,-0.5,0.3,-0.1"Gabriel Landeskog, landega01",25,COL,LW,78,24,1.7,4.6,2.5,7.2"Garnet Hathaway, hathaga01",26,CGY,RW,59,5,5.3,-0.2,1,0.8"Gemel Smith, smithge02",23,DAL,C,46,5,6.2,0.6,0.7,1.3"Giovanni Fiore, fioregi01",21,ANA,LW,1,0,-0.5,0,0,-0.1"Greg McKegg, mckeggr01",25,PIT,C,26,2,0.1,-0.1,0.1,0"Greg Pateryn, patergr01",27,DAL,D,73,4,5.3,-0.3,3.6,3.3"Gustav Forsling, forslgu02",21,CHI,D,41,4,-4.6,0.7,1.6,2.3"Gustav Nyquist, nyquigu01",28,DET,RW,82,16,7,2.2,1.7,3.9"Gustav Olofsson, olofsgu01",23,MIN,D,41,2,3.9,0.2,1.1,1.2"Hampus Lindholm, lindhha01",24,ANA,D,69,12,1.8,2.6,4.6,7.2"Harri Sateri, saterha01",28,FLA,G,9,0,,0,0,1.5"Haydn Fleury, fleurha01",21,CAR,D,67,2,-8.8,-0.6,2.6,2"Henrik Borgstrom, borgshe01",20,FLA,C,4,1,-0.9,0.1,0,0.1"Henrik Haapala, haapahe01",23,FLA,LW,5,0,-1.2,-0.1,0.1,0"Henrik Lundqvist, lundqhe01",35,NYR,G,63,0,,0,0,11.9"Henrik Sedin, sedinhe01",37,VAN,C,82,14,3.3,1.9,0.8,2.7"Henrik Zetterberg, zettehe01",37,DET,LW,82,18,8,2.4,2,4.4"Hudson Fasching, faschhu01",22,BUF,RW,5,0,-1.4,-0.1,0,-0.1"Ian Cole, coleia01",28,TOT,D,67,7,5.1,1.1,3.5,4.6"Ian McCoshen, mccosia01",22,FLA,D,38,2,-1,0,0.4,0.4"Iiro Pakarinen, pakarii01",26,EDM,RW,40,1,-2.6,-0.6,0.5,-0.2"Ivan Barbashev, barbaiv01",22,STL,C,53,5,-0.4,0.2,0.8,1"Ivan Provorov, provoiv01",21,PHI,D,82,15,-1.5,3.4,5.2,8.6"J.T. Brown, brownjt01",27,TOT,RW,47,2,0.6,-0.3,0.2,-0.1"J.T. Compher, comphj.01",22,COL,LW,69,10,-8.7,0.6,0.2,0.9"J.T. Miller, millejt01",24,TOT,LW,82,22,0.9,4.5,1.4,5.9"Jaccob Slavin, slavija01",23,CAR,D,82,10,6.5,1.6,4.6,6.2"Jack Campbell, campbja01",26,LAK,G,5,0,,0,0,1"Jack Eichel, eicheja01",21,BUF,C,67,24,0.2,5.5,1,6.5"Jack Johnson, johnsja02",31,CBJ,D,77,4,-10.9,-0.4,2.6,2.2"Jack Rodewald, rodewja01",23,OTT,RW,4,0,-0.3,-0.1,0,-0.1"Jack Roslovic, rosloja01",21,WPG,C,31,5,-0.1,0.9,0.6,1.5"Jacob de La Rose, delarja01",22,MTL,LW,55,4,-2.4,-0.1,0.7,0.6"Jacob Josefson, josefja01",26,BUF,C,39,2,-7,-0.6,0.5,-0.1"Jacob Markstrom, marksja02",28,VAN,G,60,1,,0,0,9.6"Jacob Trouba, troubja01",23,WPG,D,55,7,7.6,1.3,3,4.3"Jaden Schwartz, schwaja01",25,STL,LW,62,22,10.6,5.1,2.1,7.2"Jake Allen, allenja01",27,STL,G,59,0,,0,0,7.9"Jake Debrusk, debruja01",21,BOS,LW,70,16,9.2,3.2,1.7,4.9"Jake Dotchin, dotchja01",23,TBL,D,48,4,3.3,0.5,2.4,2.9"Jake Gardiner, gardija01",27,TOR,D,82,16,11,3.6,4.1,7.8"Jake Guentzel, guentja01",23,PIT,C,82,19,6,3.4,1.1,4.4"Jake McCabe, mccabja01",24,BUF,D,53,4,-6.9,0.3,1.9,2.2"Jake Muzzin, muzzija01",28,LAK,D,74,13,1.1,3.1,4.8,7.9"Jake Virtanen, virtaja01",21,VAN,RW,75,8,-7.1,0.6,0.7,1.3"Jakob Chychrun, chychja01",19,ARI,D,50,5,-2.2,0.6,2.7,3.3"Jakob Silfverberg, silfvja01",27,ANA,RW,77,15,-4.2,2,1.8,3.8"Jakub Jerabek, jerabja01",26,TOT,D,36,3,2.2,0.3,1.1,1.5"Jakub Voracek, voracja01",28,PHI,RW,82,28,6.5,6.1,2,8.1"Jakub Vrana, vranaja01",21,WSH,LW,73,11,5.4,1.5,1,2.6"James Neal, nealja01",30,VEG,LW,71,19,0.9,3.8,0.8,4.6"James Reimer, reimeja01",29,FLA,G,44,0,,0,0,7.7"James van Riemsdyk, vanrija01",28,TOR,LW,81,25,9.3,6,1.2,7.2"Jamie Benn, bennja01",28,DAL,LW,82,32,17.6,7.5,2.8,10.3"Jamie McGinn, mcginja01",29,FLA,LW,76,11,-9.4,1.4,0.9,2.3"Jamie Oleksiak, oleksja01",25,TOT,D,68,6,7.5,0.9,2.9,3.8"Jan Rutta, ruttaja02",27,CHI,D,57,7,-5.2,1.3,2.4,3.7"Janne Kuokkanen, kuokkja01",19,CAR,C,4,0,0.9,-0.1,-0.1,-0.2"Jannik Hansen, hanseja01",31,SJS,RW,46,4,-4.4,0.1,0.8,0.8"Jared Boll, bollja01",31,ANA,RW,10,1,-0.5,0.1,0,0.1"Jared Coreau, coreaja01",26,DET,G,7,0,,0,0,0.1"Jared McCann, mccanja01",21,FLA,C,68,10,-0.6,1.3,1.4,2.6"Jared Spurgeon, spurgja01",28,MIN,D,61,12,14.6,2.9,2.6,5.4"Jaromir Jagr, jagrja01",45,CGY,RW,22,2,2.6,0,0.6,0.6"Jaroslav Halak, halakja01",32,NYI,G,54,0,,0,0,8.9"Jason Chimera, chimeja01",38,TOT,LW,74,4,-12.2,-0.5,0.2,-0.3"Jason Demers, demerja01",29,ARI,D,69,7,3.4,0.9,3.4,4.3"Jason Dickinson, dickija01",22,DAL,C,27,1,-1.2,-0.4,0.2,-0.2"Jason Garrison, garrija01",33,VEG,D,8,0,-1,-0.1,0.1,0.1"Jason Pominville, pominja01",35,BUF,RW,82,14,-0.4,1.8,1.1,2.9"Jason Spezza, spezzja01",34,DAL,C,78,9,5.8,0.7,0.8,1.5"Jason Zucker, zuckeja01",26,MIN,LW,82,26,16.5,6,1.7,7.8"Jay Beagle, beaglja01",32,WSH,RW,79,8,-10.8,0.2,1.2,1.4"Jay Bouwmeester, bouwmja01",34,STL,D,35,2,-4.6,0,2,2.1"Jaycob Megna, megnaja02",25,ANA,D,14,0,0.1,-0.2,0.2,0"Jayson Megna, megnaja01",27,VAN,C,1,0,-0.3,0,0,0"Jean-Francois Berube, berubje02",26,CHI,G,13,0,,0,0,1.4"Jean-Gabriel Pageau, pageaje01",25,OTT,C,78,12,-3.7,0.8,0.9,1.7"Jean-Sebastien Dea, deaje01",23,PIT,C,5,1,-0.2,0.1,0.1,0.2"Jeff Carter, carteje01",33,LAK,C,27,9,1.1,2.2,0.8,3"Jeff Glass, glassje01",32,CHI,G,15,0,,0,0,1.8"Jeff Petry, petryje01",30,MTL,D,82,15,5.1,3.3,2.2,5.5"Jeff Skinner, skinnje01",25,CAR,LW,82,20,10.1,3.6,0.7,4.3"Jesper Bratt, brattje01",19,NJD,LW,74,13,0.2,1.9,0.7,2.6"Jesper Fast, fastje01",26,NYR,RW,71,13,-10.4,1.8,0.9,2.7"Jesse Puljujarvi, puljuje01",19,EDM,RW,65,9,0.2,0.9,0.9,1.8"Jim O'Brien, obrieji01",29,OTT,C,10,0,0.3,-0.1,0.1,-0.1"Jimmy Hayes, hayesji01",28,NJD,RW,33,3,-1.5,0.2,0.4,0.6"Jimmy Howard, howarja02",33,DET,G,60,0,,0,0,9.4"Jimmy Vesey, veseyji02",24,NYR,LW,79,12,-10.1,1.5,0.7,2.2"Joakim Nordstrom, nordsjo02",25,CAR,LW,75,2,-3.6,-1.3,0.6,-0.7"Joakim Ryan, ryanjo02",24,SJS,D,62,4,7.7,0.2,3.5,3.7"Joe Hicketts, hickejo01",21,DET,D,5,1,0.3,0.2,0.6,0.8"Joe Pavelski, paveljo01",33,SJS,C,82,23,11.5,4.5,2,6.4"Joe Thornton, thornjo01",38,SJS,C,47,13,0.4,2.5,0.7,3.3"Joel Armia, armiajo01",24,WPG,RW,79,11,2.4,1.4,1.1,2.5"Joel Edmundson, edmunjo01",24,STL,D,69,6,-2.2,0.7,3.3,3.9"Joel Eriksson Ek, eriksjo02",21,MIN,LW,75,6,5.8,-0.4,1.1,0.6"Joel Hanley, hanlejo01",26,ARI,D,5,0,-0.3,-0.1,0.1,0.1"Joel Ward, wardjo02",37,SJS,RW,52,5,-3.1,0,0.7,0.7"Johan Larsson, larssjo02",25,BUF,C,80,6,-18.1,-1,0.5,-0.5"John Carlson, carlsjo01",28,WSH,D,82,22,-7.1,6,3.9,9.8"John Gibson, gibsojo02",24,ANA,G,60,0,,0,0,13.2"John Gilmour, gilmojo01",24,NYR,D,28,2,-4,0.1,0.2,0.4"John Hayden, haydejo01",22,CHI,RW,47,5,-1.8,0.3,0.4,0.8"John Klingberg, klingjo01",25,DAL,D,82,21,19.7,5.4,5.1,10.5"John Moore, moorejo01",27,NJD,D,81,7,-1,0.6,3.9,4.5"John Quenneville, quennjo02",21,NJD,C,2,0,-0.7,-0.1,-0.1,-0.2"John Tavares, tavarjo01",27,NYI,C,82,32,-8.3,7.8,1,8.8"Johnny Boychuk, boychjo01",34,NYI,D,58,6,-11.4,1,1.3,2.3"Johnny Gaudreau, gaudrjo01",24,CGY,LW,80,29,13,6.7,2.1,8.7"Johnny Oduya, oduyajo01",36,TOT,D,52,3,-3.8,0.1,2.1,2.2"Jon Gillies, gillijo01",24,CGY,G,11,0,,0,0,1.1"Jon Marchessault, audymjo01",27,VEG,C,77,28,8.1,6.9,2.8,9.6"Jonas Brodin, brodijo01",24,MIN,D,73,7,2,0.8,5,5.8"Jonathan Bernier, bernijo01",29,COL,G,37,0,,0,0,6.2"Jonathan Drouin, drouijo01",22,MTL,LW,77,16,-4.1,2.5,0.6,3.1"Jonathan Ericsson, ericsjo01",33,DET,D,81,4,-10.4,-0.3,3.2,2.8"Jonathan Huberdeau, huberjo01",24,FLA,LW,82,26,5.9,5.4,1.6,7"Jonathan Quick, quickjo01",32,LAK,G,64,1,,0,0,12.2"Jonathan Toews, toewsjo01",29,CHI,C,74,20,7.8,3.4,1.7,5"Jonathon Merrill, merrijo01",25,VEG,D,34,1,1.1,-0.3,1.6,1.4"Jonny Brodzinski, brodzjo01",24,LAK,C,35,3,-3.3,0.1,0.6,0.7"Joonas Donskoi, donskjo01",25,SJS,RW,66,12,12.3,1.9,1.6,3.5"Joonas Korpisalo, korpijo01",23,CBJ,G,18,0,,0,0,2.2"Jordan Eberle, eberljo01",27,NYI,RW,81,23,13.1,4.9,1.3,6.3"Jordan Greenway, greenjo02",20,MIN,LW,6,0,0.5,-0.1,0.1,0"Jordan Martinook, martijo01",25,ARI,LW,81,6,0.1,-1,0.6,-0.4"Jordan Nolan, nolanjo01",28,BUF,LW,69,3,-7.8,-0.6,0.5,-0.2"Jordan Oesterle, oestejo01",25,CHI,D,55,5,1.5,0.7,1.7,2.4"Jordan Schmaltz, schmajo01",24,STL,D,13,0,0.8,-0.1,0.3,0.3"Jordan Schroeder, schrojo01",27,CBJ,LW,21,1,-2,-0.1,0,-0.1"Jordan Staal, staaljo01",29,CAR,C,79,17,6.9,2.4,1.8,4.2"Jordan Szwarz, szwarjo01",26,BOS,RW,12,1,1.5,-0.1,0,-0.1"Jordan Weal, wealjo01",25,PHI,C,69,8,1.2,0.4,0.5,1"Jordie Benn, bennjo01",30,MTL,D,77,5,2.9,0.2,3.2,3.4"Jori Lehtera, lehtejo01",30,PHI,C,62,3,-3.2,-0.7,0.4,-0.4"Joseph Blandisi, blandjo01",23,ANA,LW,3,0,-0.4,-0.1,0.1,0"Joseph Morrow, morrojo02",25,TOT,D,56,6,4.6,1.1,1.8,2.9"Josh Anderson, anderjo05",23,CBJ,RW,63,13,0.2,1.9,1.2,3.1"Josh Archibald, archijo01",25,TOT,RW,42,4,-5,0.2,0.6,0.8"Josh Bailey, bailejo01",28,NYI,RW,76,24,-13.7,5.3,0.4,5.7"Josh Gorges, gorgejo01",33,BUF,D,34,1,-3.9,-0.4,1.1,0.6"Josh Jooris, joorijo01",27,TOT,RW,40,2,1.3,-0.2,0.2,0"Josh Leivo, leivojo01",24,TOR,LW,16,1,1.8,0,0.2,0.2"Josh Manson, mansojo01",26,ANA,D,80,12,-2.7,2.5,6.1,8.6"Josh Morrissey, morrijo04",22,WPG,D,81,9,7.7,1.3,4.3,5.6"Joshua Ho-Sang, hosanjo01",22,NYI,RW,22,4,-2.7,0.6,0,0.6"Jujhar Khaira, khairju01",23,EDM,LW,69,9,-6.7,0.9,0.7,1.5"Julius Honka, honkaju01",22,DAL,D,42,1,1,-0.2,1.1,1"Jussi Jokinen, jokinju01",34,TOT,LW,60,6,0,0.3,0.9,1.2"Justin Abdelkader, abdelju01",30,DET,LW,75,13,-5.1,1.4,1.1,2.5"Justin Auger, augerju01",23,LAK,RW,2,0,-0.8,0,0,-0.1"Justin Bailey, baileju01",22,BUF,RW,12,2,-0.7,0.3,0.1,0.5"Justin Braun, braunju01",30,SJS,D,81,10,-7.5,1.7,4.7,6.4"Justin Falk, falkju01",29,BUF,D,46,1,-5.9,-0.6,0.7,0.1"Justin Faulk, faulkju01",25,CAR,D,76,10,5.4,1.9,2.1,4"Justin Holl, hollju01",26,TOR,D,2,1,0.6,0.4,0.5,0.8"Justin Kloos, kloosju01",24,MIN,C,1,0,0.4,0,0,0"Justin Schultz, schulju01",27,PIT,D,63,8,6.8,1.6,4.2,5.9"Justin Williams, williju01",36,CAR,RW,82,18,0.7,3,1.4,4.4"Juuse Saros, sarosju01",22,NSH,G,26,1,,0,0,5.6"Kailer Yamamoto, yamamka01",19,EDM,RW,9,1,2.4,-0.1,0.1,0"Kalle Kossila, kossika01",24,ANA,LW,10,1,-1.5,0.1,-0.1,0"Kari Lehtonen, lehtoka01",34,DAL,G,37,0,,0,0,5.3"Karl Alzner, alzneka01",29,MTL,D,82,4,-4.3,-0.7,3.3,2.6"Kasperi Kapanen, kapanka01",21,TOR,RW,38,4,3.1,0.5,0.4,0.9"Keegan Lowe, loweke02",24,EDM,D,2,0,-0.2,0,0,-0.1"Keith Kinkaid, kinkake01",28,NJD,G,41,1,,0,0,6.8"Keith Yandle, yandlke01",31,FLA,D,82,17,-5.7,4,4.7,8.7"Ken Appleby, appleke01",22,NJD,G,3,0,,0,0,0.5"Kenny Agostino, agostke01",25,BOS,LW,5,0,-0.4,-0.1,0,0"Kerby Rychel, rycheke01",23,MTL,LW,4,1,-1.7,0.2,0,0.2"Kevan Miller, milleke03",30,BOS,D,68,5,8.3,0.1,4,4.1"Kevin Bieksa, biekske01",36,ANA,D,59,2,-5.2,-0.5,1.2,0.7"Kevin Connauton, connake01",27,ARI,D,73,9,-7.5,1.9,3.1,5"Kevin Fiala, fialake01",21,NSH,LW,80,19,16,4,1.9,6"Kevin Gravel, graveke01",25,LAK,D,16,1,0,0,0.3,0.4"Kevin Hayes, hayeske01",25,NYR,RW,76,19,-4.6,3.5,1.7,5.1"Kevin Labanc, labanke01",22,SJS,RW,77,14,8.2,2.1,1.1,3.2"Kevin Rooney, rooneke01",24,NJD,C,1,0,0.3,0,0,0"Kevin Roy, royke01",24,ANA,LW,25,4,-3.3,0.4,0.5,0.9"Kevin Shattenkirk, shattke01",29,NYR,D,46,8,-2.3,1.7,1,2.8"Klas Dahlbeck, dahlbkl01",26,CAR,D,33,2,-2.3,-0.1,0.8,0.8"Korbinian Holzer, holzeko01",29,ANA,D,16,0,-0.8,-0.2,0.2,-0.1"Kris Letang, letankr01",30,PIT,D,79,16,15.1,3.7,3.4,7.1"Kris Russell, russekr01",30,EDM,D,78,7,-6.4,0.7,2.4,3.1"Kris Versteeg, verstkr01",31,CGY,RW,24,3,-3.6,0.2,0.1,0.3"Kurtis MacDermid, macdeku01",23,LAK,D,34,1,-4.1,0,0.7,0.7"Kyle Brodziak, brodzky01",33,STL,C,81,12,0.8,1.3,1.9,3.2"Kyle Capobianco, capobky01",20,ARI,D,1,0,-0.9,0,0,-0.1"Kyle Clifford, cliffky01",27,LAK,LW,50,4,2.8,0.2,0.5,0.7"Kyle Connor, connoky01",21,WPG,LW,76,24,3.9,5.4,1.6,7"Kyle Criscuolo, criscky01",25,BUF,C,9,0,0.8,-0.2,0,-0.3"Kyle Okposo, okposky01",29,BUF,RW,76,16,-9,2.5,0.6,3.1"Kyle Palmieri, palmiky01",26,NJD,RW,62,19,-1.9,4.2,1.2,5.4"Kyle Quincey, quincky01",32,MIN,D,18,1,-5.7,0,0.2,0.2"Kyle Rau, rauky01",25,MIN,C,3,0,0.3,0,0,0"Kyle Turris, turriky01",28,TOT,C,76,18,12.2,3.4,2,5.4"Lance Bouma, boumala01",27,CHI,LW,53,3,4.7,-0.3,0.7,0.3"Landon Ferraro, ferrala01",26,MIN,C,2,1,-0.2,0.2,0,0.2"Lars Eller, ellerla01",28,WSH,C,81,15,-6.2,2.3,1.1,3.4"Laurent Brossoit, brossla01",24,EDM,G,14,0,,0,0,0.8"Laurent Dauphin, dauphla01",22,ARI,C,2,0,-0.1,0,0,-0.1"Lawson Crouse, crousla01",20,ARI,LW,11,1,-0.5,-0.1,-0.1,-0.2"Lee Stempniak, stemple01",34,CAR,RW,37,3,1.8,-0.1,0.3,0.2"Leo Komarov, komarle01",31,TOR,C,74,7,0.1,-0.6,1.1,0.6"Leon Draisaitl, draisle01",22,EDM,C,78,26,10.8,5.6,1.3,6.9"Liam O'Brien, obrieli01",23,WSH,C,3,0,-0.8,-0.1,0,0"Lias Andersson, anderli01",19,NYR,C,7,1,-3.3,0.1,0.1,0.2"Linus Ullmark, ullmali01",24,BUF,G,5,0,,0,0,1"Logan Brown, brownlo01",19,OTT,C,4,0,0.1,0,0,0"Logan Couture, coutulo01",28,SJS,C,78,25,2.9,5.6,1.7,7.3"Logan Shaw, shawlo01",26,TOT,RW,72,5,-3.5,-0.5,0.8,0.3"Loui Eriksson, erikslo01",32,VAN,LW,50,9,0.6,1.1,1,2.2"Louis Belpedio, belpelo01",21,MIN,D,1,1,0.5,0.2,0.1,0.3"Louis Domingue, dominlo01",25,TOT,G,19,0,,0,0,2.1"Luca Sbisa, sbisalu01",28,VEG,D,30,4,-3.5,0.9,1.8,2.7"Lucas Wallmark, wallmlu01",22,CAR,C,11,1,0.8,-0.1,0,-0.1"Lukas Sedlak, sedlalu01",24,CBJ,LW,53,3,0.3,-0.1,0.4,0.3"Luke Glendening, glendlu01",28,DET,RW,69,8,-6.9,0.5,0.6,1.1"Luke Kunin, kuninlu01",20,MIN,C,19,2,-2.6,-0.1,0.1,0.1"Luke Schenn, schenlu01",28,ARI,D,64,2,-7.6,-0.5,1.7,1.3"Luke Witkowski, witkolu01",27,DET,RW,31,1,-2.8,-0.1,0.2,0.1"MacKenzie Weegar, weegama01",24,FLA,D,60,3,2,-0.1,2.2,2.1"Madison Bowey, boweyma01",22,WSH,D,51,3,-11.3,0.4,1.1,1.5"Magnus Paajarvi, paajama01",26,TOT,LW,79,5,-1.7,-0.7,0.8,0.1"Malcolm Subban, subbama01",24,VEG,G,22,0,,0,0,3.3"Marc Methot, methoma01",32,DAL,D,36,1,0.1,-0.4,2.3,1.9"Marc Staal, staalma01",31,NYR,D,72,2,-10.3,-0.7,3.9,3.2"Marc-Andre Fleury, fleurma01",33,VEG,G,46,0,,0,0,9.9"Marc-Edouard Vlasic, vlasima01",30,SJS,D,81,11,0.7,2.1,5.1,7.2"Marco Scandella, scandma01",27,BUF,D,82,7,-7.9,0.4,4,4.4"Marcus Foligno, foligma01",26,MIN,LW,77,8,1.4,0.8,0.9,1.8"Marcus Johansson, johanma03",27,NJD,LW,29,5,-0.3,0.7,0.1,0.8"Marcus Kruger, krugema01",27,CAR,C,48,2,1.5,-0.7,0.4,-0.3"Marcus Pettersson, pettema01",21,ANA,D,22,1,-2.1,0.1,1,1.2"Marcus Sorensen, sorenma01",25,SJS,LW,32,3,-0.9,0.3,0.2,0.5"Marek Hrivik, hrivima01",26,CGY,LW,3,0,0,-0.1,0.1,0"Marek Langhamer, langhma01",23,ARI,G,1,0,,0,0,0.2"Marian Gaborik, gaborma01",35,TOT,RW,46,9,-2.3,1.5,0.9,2.3"Mario Kempe, kempema01",29,ARI,RW,18,2,0,0.1,0.2,0.3"Mark Alt, altma01",26,TOT,D,15,0,-1.3,-0.2,0.3,0.1"Mark Barberio, barbema01",27,COL,D,46,4,-1.5,0.7,2.1,2.8"Mark Borowiecki, borowma01",28,OTT,D,52,4,2,0.5,1.2,1.7"Mark Giordano, giordma01",34,CGY,D,82,14,13.6,2.7,5,7.7"Mark Jankowski, jankoma01",23,CGY,C,72,11,1.6,1.6,1,2.5"Mark Letestu, letesma01",32,TOT,C,80,9,-4.7,0.4,0.4,0.9"Mark Pysyk, pysykma01",26,FLA,D,82,5,-0.3,0,2.6,2.6"Mark Scheifele, scheima01",24,WPG,C,60,22,12.3,5.1,2,7"Mark Stone, stonema01",25,OTT,RW,58,22,5.6,5.1,1.7,6.8"Mark Streit, streima01",40,MTL,D,2,0,-0.1,0,-0.1,-0.1"Marko Dano, danoma01",23,WPG,C,23,1,-0.4,0.1,0.1,0.1"Markus Granlund, granlma01",24,VAN,C,53,5,-9.1,-0.3,0.7,0.4"Markus Hannikainen, hannima01",24,CBJ,LW,33,2,-1.4,0.2,0.3,0.4"Markus Nutivaara, nutivma01",23,CBJ,D,61,8,7.3,1.9,3,4.9"Martin Frk, frkma01",24,DET,RW,68,10,-3,1.7,0.3,2"Martin Hanzal, hanzama01",30,DAL,C,38,4,-3,0.1,0.1,0.2"Martin Jones, jonesma02",28,SJS,G,60,0,,0,0,9.9"Martin Marincin, marinma01",25,TOR,D,2,0,-0.5,0,-0.1,-0.1"Martin Necas, necasma01",19,CAR,C,1,0,-1,0,0,0"Mathew Barzal, barzama01",20,NYI,C,82,29,9.5,6.8,1.3,8.2"Mathew Dumba, dumbama01",23,MIN,D,82,17,2.7,4.1,5.1,9.3"Mathieu Perreault, perrema01",30,WPG,C,70,15,10.2,2.9,1.2,4.1"Mats Zuccarello, zuccama01",30,NYR,RW,80,19,-5.3,2.9,1.5,4.4"Matt Bartkowski, bartkma01",29,CGY,D,18,1,-2.1,0,0.4,0.4"Matt Beleskey, belesma01",29,TOT,LW,15,0,-0.1,-0.5,-0.2,-0.6"Matt Benning, bennima01",23,EDM,D,73,7,4.9,1.2,2.9,4.1"Matt Calvert, calvema01",28,CBJ,LW,69,9,-4.9,0.9,0.6,1.5"Matt Cullen, cullema01",41,MIN,C,79,9,-6.5,0.7,0.9,1.7"Matt Duchene, duchema01",27,TOT,C,82,23,-4.7,4.6,0.9,5.5"Matt Grzelcyk, grzelma01",24,BOS,D,61,5,9,0.6,3.8,4.4"Matt Hendricks, hendrma01",36,WPG,LW,60,5,0,0.3,0.5,0.8"Matt Hunwick, hunwima01",32,PIT,D,42,4,1.3,0.5,1.2,1.7"Matt Irwin, irwinma01",30,NSH,D,50,3,-3.5,0.2,1.4,1.6"Matt Martin, martima02",28,TOR,LW,50,4,1.5,0.4,0.4,0.8"Matt Moulson, moulsma01",34,BUF,LW,14,0,-2.5,-0.4,-0.1,-0.5"Matt Murray, murrama02",23,PIT,G,49,0,,0,0,7"Matt Niskanen, niskama01",31,WSH,D,68,10,-4.5,1.8,4.8,6.6"Matt Read, readma01",31,PHI,RW,19,1,-0.8,-0.4,0.1,-0.2"Matt Stajan, stajama01",34,CGY,C,68,4,2.4,-0.5,1.1,0.6"Matt Tennyson, tennyma01",27,BUF,D,15,0,-4.1,-0.3,0.1,-0.2"Matthew Highmore, highmma01",21,CHI,LW,13,1,1,0,0,0"Matthew Nieto, nietoma01",25,COL,LW,74,11,-10.5,1.2,1.6,2.7"Matthew Peca, pecama01",24,TBL,C,10,2,-0.7,0.3,0.3,0.7"Matthew Tkachuk, tkachma01",20,CGY,LW,68,20,8.1,4.2,1.5,5.6"Mattias Ekholm, ekholma01",27,NSH,D,81,12,-0.3,2.2,5.5,7.8"Mattias Janmark, janmama02",25,DAL,C,81,15,-0.9,1.7,1.2,2.9"Max Domi, domima01",22,ARI,LW,82,15,-7.5,1.7,1.6,3.3"Max McCormick, mccorma01",25,OTT,LW,30,2,0.8,0.1,0.1,0.2"Max Pacioretty, pacioma01",29,MTL,LW,64,15,5.7,2.3,0.9,3.2"Maxim Mamin, maminma01",23,FLA,LW,26,2,0.9,-0.1,0.4,0.3"Maxime Lagace, lagacma01",25,VEG,G,16,0,,0,0,0.3"Melker Karlsson, karlsme01",27,SJS,C,71,7,-6.1,0.1,1,1.1"Michael Amadio, amadimi01",21,LAK,C,37,3,0.4,0.3,0.3,0.6"Michael Bournival, bournmi01",25,TBL,LW,5,0,-0.6,-0.1,0,-0.1"Michael Chaput, chapumi01",25,VAN,C,9,0,-0.7,-0.2,0,-0.3"Michael Dal Colle, dalcomi01",21,NYI,LW,4,0,0.1,-0.1,0,-0.1"Michael Del Zotto, delzomi01",27,VAN,D,82,8,-11.4,0.8,3.4,4.1"Michael Frolik, frolimi01",29,CGY,RW,70,9,3.2,0.2,0.8,1"Michael Grabner, grabnmi01",30,TOT,RW,80,17,-1.6,3.2,1.9,5.1"Michael Hutchinson, hutchmi01",27,WPG,G,3,0,,0,0,0.4"Michael McCarron, mccarmi01",22,MTL,RW,18,0,-2.4,-0.3,0.2,-0.2"Michael Raffl, rafflmi01",29,PHI,LW,76,9,2.8,0.7,1.4,2.1"Michael Stone, stonemi01",27,CGY,D,82,3,0.4,-0.4,2.5,2.2"Michal Kempny, kempnmi01",27,TOT,D,53,4,1.9,0.3,2.9,3.2"Michal Neuvirth, neuvimi01",29,PHI,G,22,0,,0,0,3.1"Micheal Ferland, ferlami01",25,CGY,LW,77,17,4.6,3.1,1.7,4.7"Micheal Haley, haleymi01",31,FLA,LW,75,3,-6.3,-0.4,0.1,-0.3"Miikka Salomaki, salommi01",24,NSH,RW,58,3,-3.7,-0.6,0.3,-0.4"Mika Zibanejad, zibanmi01",24,NYR,C,72,20,6.2,4,0.7,4.7"Mikael Backlund, backlmi01",28,CGY,C,82,16,4.6,1.6,1.2,2.8"Mikael Granlund, granlmi01",25,MIN,RW,77,24,16.7,5,2,7"Mike Blunden, blundmi01",31,OTT,RW,1,0,0.2,0,0,0"Mike Cammalleri, cammami01",35,TOT,LW,66,10,-3.4,1.2,0.9,2"Mike Condon, condomi01",27,OTT,G,31,1,,0,0,4"Mike Fisher, fishemi01",37,NSH,C,16,2,-1.5,0.1,0.2,0.3"Mike Green, greenmi03",32,DET,D,66,11,-6.3,2.4,2.4,4.7"Mike Hoffman, hoffmmi02",28,OTT,LW,82,21,-8.4,3.8,0.9,4.7"Mike Liambas, liambmi01",28,ANA,LW,7,0,-1.9,0,0,0"Mike Matheson, mathemi01",23,FLA,D,81,10,-2,1.6,3.5,5.1"Mike McKenna, mckenmi01",34,DAL,G,2,0,,0,0,0.2"Mike Reilly, reillmi01",24,TOT,D,57,5,-7.5,1,1.5,2.5"Mike Smith, smithmi01",35,CGY,G,55,1,,0,0,10.2"Mikhail Sergachev, sergami01",19,TBL,D,79,13,7.4,3.5,2.5,6"Mikkel Boedker, boedkmi01",28,SJS,LW,74,14,-3.2,2.5,1.2,3.7"Mikko Koivu, koivumi01",34,MIN,C,82,16,12.3,1.8,1.9,3.7"Mikko Rantanen, rantami01",21,COL,RW,81,31,2.4,7.4,1.9,9.3"Milan Lucic, lucicmi01",29,EDM,LW,82,12,2,0.9,0.9,1.8"Miles Wood, woodmi01",22,NJD,LW,76,14,2,2.8,0.9,3.6"Mirco Mueller, muellmi01",22,NJD,D,28,1,1.5,-0.2,1.1,1"Mitch Marner, marnemi01",20,TOR,C,82,25,6.6,5.7,1.3,7"Mitch Reinke, reinkmi01",21,STL,D,1,0,-0.1,0,0,0"Morgan Klimchuk, klimcmo01",22,CGY,LW,1,0,-0.5,0,0,0"Morgan Rielly, riellmo01",23,TOR,D,76,16,1.9,4,2.7,6.8"Nail Yakupov, yakupna01",24,COL,RW,58,7,-0.4,0.8,0.8,1.7"Nate Prosser, prossna01",31,TOT,D,57,3,6,0.3,2.2,2.5"Nate Schmidt, schmina01",26,VEG,D,76,11,2.8,2.2,4.8,7"Nate Thompson, thompna01",33,TOT,C,69,6,-10.8,-0.2,1,0.8"Nathan Beaulieu, beaulna01",25,BUF,D,59,3,-5.6,-0.1,1.1,0.9"Nathan Gerbe, gerbena01",30,CBJ,LW,2,0,-0.2,0,0,-0.1"Nathan MacKinnon, mackina01",22,COL,C,74,37,0.3,10,2.2,12.2"Nathan Walker, walkena01",23,TOT,LW,9,1,-1.6,0,0.1,0.1"Nazem Kadri, kadrina01",27,TOR,C,80,24,-0.7,5.3,1.4,6.7"Neal Pionk, pionkne01",22,NYR,D,28,4,-10.1,0.8,1.3,2.1"Nic Dowd, dowdni01",27,TOT,C,56,2,-1.5,-0.9,0.4,-0.6"Nic Petan, petanni01",22,WPG,LW,15,1,-0.5,0.1,0.1,0.2"Nicholas Baptiste, baptini01",22,BUF,RW,33,3,-3.8,0.1,0.3,0.4"Nicholas Merkley, merklni01",20,ARI,RW,1,0,-0.2,0,0,0"Nick Bjugstad, bjugsni01",25,FLA,C,82,18,4.2,3.5,1.5,5"Nick Bonino, boninni01",29,NSH,C,71,10,-5.6,0.7,1.2,2"Nick Cousins, cousini01",24,ARI,C,71,8,2.5,0.6,1,1.6"Nick Foligno, foligni01",30,CBJ,LW,72,13,2.8,1.3,1.5,2.8"Nick Holden, holdeni01",30,TOT,D,73,6,-0.7,0.4,2.7,3.2"Nick Jensen, jenseni02",27,DET,D,81,4,-1.4,-0.1,2.5,2.4"Nick Lappin, lappini01",25,NJD,RW,6,1,-1.3,0,0.1,0.2"Nick Leddy, leddyni01",26,NYI,D,80,14,-13.8,3.1,-0.3,2.8"Nick Paul, paulni01",22,OTT,LW,11,1,-0.9,0,-0.1,-0.1"Nick Ritchie, ritchni01",22,ANA,LW,76,10,-0.9,1,1.2,2.2"Nick Schmaltz, schmani01",21,CHI,LW,78,20,-2,3.6,1.7,5.2"Nick Seeler, seeleni01",24,MIN,D,22,1,4.5,0,1.4,1.4"Nick Shore, shoreni01",25,TOT,C,64,6,0.7,-0.1,1,0.9"Nicklas Backstrom, backsni02",30,WSH,C,81,25,-1.8,5,1.9,6.9"Nico Hischier, hischni01",19,NJD,C,82,20,5.8,3.9,2,5.9"Nicolas Deslauriers, deslani01",26,MTL,LW,58,7,1,0.7,1.1,1.8"Nicolas Kerdiles, kerdini01",24,ANA,LW,2,0,-0.2,0,0,0"Nicolas Roy, royni01",20,CAR,C,1,0,-0.2,0,0,-0.1"Nikita Kucherov, kucheni01",24,TBL,RW,80,37,2.5,9.8,1.8,11.6"Nikita Scherbak, scherni01",22,MTL,RW,26,3,-0.7,0.1,0.2,0.3"Nikita Soshnikov, soshnni01",24,TOT,RW,15,1,-4.8,-0.2,0.1,0"Nikita Zadorov, zadorni01",22,COL,D,77,7,-3.2,0.9,3.5,4.4"Nikita Zaitsev, zaitsni01",26,TOR,D,60,5,0.1,0.2,3.1,3.3"Niklas Hjalmarsson, hjalmni01",30,ARI,D,48,3,-1.8,-0.2,2.3,2.1"Niklas Kronwall, kronwni01",37,DET,D,79,8,1.7,1.4,2.4,3.7"Nikolai Kulemin, kulemni01",31,NYI,LW,13,1,-0.6,0,0.1,0.1"Nikolaj Ehlers, ehlerni01",21,WPG,LW,82,24,2.1,5.4,1.8,7.3"Nikolay Goldobin, goldoni01",22,VAN,RW,38,6,-5.5,1,0.1,1"Nino Niederreiter, niedeni01",25,MIN,RW,63,13,4.6,2.5,1.5,4"Noah Hanifin, hanifno01",21,CAR,D,79,11,12.4,2.4,2.1,4.5"Noah Juulsen, juulsno01",20,MTL,D,23,1,-5.1,-0.1,1.1,1"Noel Acciari, acciano01",26,BOS,C,60,6,1.2,0,0.7,0.6"Nolan Patrick, patrino01",19,PHI,C,73,11,2.4,1.5,1.1,2.6"Oliver Bjorkstrand, bjorkol01",22,CBJ,RW,82,14,0.9,2,1.4,3.4"Oliver Ekman-Larsson, ekmanol01",26,ARI,D,82,15,-1.5,3.4,2.8,6.1"Olli Maatta, maattol01",23,PIT,D,82,10,3.9,1.8,3.1,4.9"Ondrej Kase, kaseon01",22,ANA,RW,66,16,4,3.4,1.7,5.1"Ondrej Palat, palaton01",26,TBL,LW,56,12,5.5,2.1,1.3,3.4"Ondrej Pavelec, pavelon01",30,NYR,G,19,0,,0,0,2.7"Oscar Dansk, danskos01",23,VEG,G,4,0,,0,0,0.9"Oscar Fantenberg, fanteos01",26,LAK,D,27,3,-1.5,0.6,1.1,1.8"Oscar Klefbom, klefbos01",24,EDM,D,66,7,6.1,0.8,2,2.8"Oscar Lindberg, lindbos02",26,VEG,C,63,5,1.2,0,0.3,0.3"Oskar Lindblom, lindbos01",21,PHI,LW,23,2,5,-0.1,0.5,0.4"Oskar Sundqvist, sundqos01",23,STL,C,42,2,1,-0.6,0.4,-0.3"Owen Tippett, tippeow01",18,FLA,RW,7,1,-2.4,0,-0.2,-0.2"P.K. Subban, subbapk01",28,NSH,D,82,21,-3,5.4,5.1,10.5"Patric Hornqvist, hornqpa01",31,PIT,RW,70,21,18.7,4.6,1.3,5.9"Patrice Bergeron, bergepa01",32,BOS,C,64,25,4.4,6,2.3,8.3"Patrick Eaves, eavespa01",33,ANA,RW,2,1,-0.2,0.1,0,0.1"Patrick Kane, kanepa01",29,CHI,RW,82,28,-0.9,6,1.1,7.1"Patrick Marleau, marlepa01",38,TOR,LW,82,20,1.2,3.8,1.4,5.2"Patrick Maroon, maroopa01",29,TOT,LW,74,16,1.9,2.8,1.4,4.2"Patrick Sharp, sharppa01",36,CHI,LW,70,8,-4.2,0.7,0.4,1.1"Patrick Sieloff, sielopa01",23,OTT,D,1,1,-0.9,0.2,-0.1,0.1"Patrik Berglund, berglpa01",29,STL,C,57,12,-4.4,1.8,1,2.8"Patrik Laine, lainepa01",19,WPG,RW,82,31,0,7.9,1.6,9.6"Patrik Nemeth, nemetpa01",25,COL,D,68,5,-2.6,0.2,4.9,5.1"Paul Byron, byronpa01",28,MTL,LW,82,15,4.8,2.1,1.5,3.6"Paul Carey, careypa01",29,NYR,C,60,6,-8.3,0.4,0.3,0.7"Paul Ladue, laduepa01",25,LAK,D,12,2,1.1,0.5,0.8,1.3"Paul Martin, martipa01",36,SJS,D,14,1,0.2,-0.1,0.7,0.7"Paul Postma, postmpa01",28,BOS,D,14,0,0.7,-0.1,0.1,0.1"Paul Stastny, stastpa01",32,TOT,C,82,18,6.4,2.8,1.9,4.7"Pavel Buchnevich, buchnpa01",22,NYR,RW,74,16,-4.2,2.8,1.3,4"Pavel Zacha, zachapa01",20,NJD,C,69,9,3.3,0.7,1.1,1.8"Pekka Rinne, rinnepe01",35,NSH,G,59,0,,0,0,13.2"Peter Budaj, budajpe01",35,TBL,G,8,0,,0,0,0.3"Peter Cehlarik, cehlape01",22,BOS,LW,6,1,0,0.1,0.2,0.2"Peter Holland, hollape01",27,NYR,C,23,1,-7.7,-0.3,0,-0.3"Petr Mrazek, mrazepe01",25,TOT,G,39,0,,0,0,4.8"Phil Kessel, kesseph01",30,PIT,RW,82,34,7,8.6,1.4,10.1"Philip Holm, holmph01",26,VAN,D,1,0,-0.3,0,-0.1,-0.1"Philipp Grubauer, grubaph01",26,WSH,G,35,0,,0,0,6.5"Phillip Danault, danauph01",24,MTL,LW,52,9,5.3,1.1,1.1,2.2"Phillip Di Giuseppe, digiuph01",24,CAR,LW,49,5,-0.5,0.4,0.7,1.1"Pierre-Edouard Bellemare, bellepi01",32,VEG,LW,72,6,2.1,-0.2,1.1,0.9"Pierre-Luc Dubois, duboipi01",19,CBJ,LW,82,19,7.2,3.3,1.8,5"Pontus Aberg, abergpo01",24,TOT,LW,53,5,-2.1,0.3,1,1.3"Radek Faksa, faksara01",24,DAL,C,79,14,0.9,1.9,2.3,4.2"Radim Vrbata, vrbatra01",36,FLA,RW,42,5,-6.6,0.4,0.3,0.7"Radko Gudas, gudasra01",27,PHI,D,70,5,7,0.3,2.4,2.7"Rasmus Andersson, anderra01",21,CGY,D,10,0,1.6,-0.2,0.3,0.1"Rasmus Ristolainen, ristora01",23,BUF,D,73,13,-8.3,2.5,3.3,5.7"Reid Boucher, bouchre01",24,VAN,C,20,2,-0.3,0.2,-0.2,0"Reilly Smith, smithre01",26,VEG,RW,67,22,5.1,5.2,2.4,7.6"Remi Elie, eliere01",22,DAL,LW,72,6,0,0,1.1,1.1"Reto Berra, berrare01",31,ANA,G,5,0,,0,0,0.7"Richard Panik, panikri01",26,TOT,RW,72,13,-0.1,2,1.6,3.6"Rick Nash, nashri01",33,TOT,LW/RW,71,15,6.7,2.3,1,3.3"Rickard Rakell, rakelri01",24,ANA,C,77,28,-0.2,6.4,1.9,8.3"Riley Nash, nashri02",28,BOS,C,76,15,9.9,2.5,2,4.4"Riley Sheahan, sheahri01",26,TOT,C,81,12,-0.5,1.1,1.4,2.5"Rinat Valiev, valieri01",22,MTL,D,2,0,0,0,0.1,0"Rob O'Gara, ogararo01",24,TOT,D,30,1,-7.2,-0.3,0.5,0.2"Robert Bortuzzo, borturo01",28,STL,D,72,5,2.5,0.4,3.3,3.7"Robert Hagg, haggro01",22,PHI,D,70,3,-6.6,-0.4,2.9,2.5"Roberto Luongo, luongro01",38,FLA,G,35,1,,0,0,8.5"Robin Lehner, lehnero01",26,BUF,G,53,0,,0,0,8"Rocco Grimaldi, grimaro01",24,COL,C,6,1,-0.3,0.3,0.1,0.3"Roland McKeown, mckeoro01",22,CAR,D,10,1,-0.3,0.1,0.6,0.7"Roman Josi, josiro01",27,NSH,D,75,18,4.8,4.7,5.3,10"Roman Polak, polakro01",31,TOR,D,54,4,0.3,0.3,2.2,2.4"Ron Hainsey, hainsro01",36,TOR,D,80,7,-5.1,0.6,4.2,4.8"Ross Johnston, johnsro02",23,NYI,LW,24,2,-1.8,0.3,0.2,0.5"Ryan Callahan, callary01",32,TBL,RW,67,6,0.7,-0.1,0.5,0.4"Ryan Carpenter, carpery01",27,TOT,C,52,7,0.1,0.7,0.7,1.4"Ryan Donato, donatry01",21,BOS,C,12,4,-0.2,0.9,0.3,1.2"Ryan Dzingel, dzingry01",25,OTT,LW,79,17,-4.5,2.9,0.8,3.7"Ryan Ellis, ellisry01",27,NSH,D,44,11,4.1,3,4,7"Ryan Getzlaf, getzlry01",32,ANA,C,56,19,5.9,4,2.1,6.2"Ryan Hartman, hartmry01",23,TOT,RW/LW,78,11,-1.9,1.5,1.2,2.7"Ryan Johansen, johanry01",25,NSH,C,79,19,-4.4,3.1,1.9,5"Ryan Kesler, keslery01",33,ANA,C,44,6,-0.9,0,0.7,0.8"Ryan Lomberg, lombery01",23,CGY,LW,7,0,0.1,0,0.1,0"Ryan McDonagh, mcdonry01",28,TOT,D,63,9,-4,1.6,3.7,5.3"Ryan Miller, millery01",37,ANA,G,28,0,,0,0,5.4"Ryan Murphy, murphry01",24,MIN,D,21,2,1.9,0.2,1.4,1.7"Ryan Murray, murrary01",24,CBJ,D,44,4,-1.2,0.3,2,2.3"Ryan Nugent-Hopkins, nugenry01",24,EDM,C,62,20,3.9,4.3,1.6,5.9"Ryan O'Reilly, oreilry01",26,BUF,C,81,23,-3.6,4.1,1.6,5.7"Ryan Pulock, pulocry01",23,NYI,D,68,11,-1.7,2.7,1.7,4.5"Ryan Reaves, reavery01",31,TOT,RW,79,4,1.1,-0.2,0.3,0.1"Ryan Spooner, spoonry01",26,TOT,C,59,15,-3,3,1.3,4.3"Ryan Sproul, sproury01",25,NYR,D,16,2,-3.6,0.3,0.1,0.4"Ryan Strome, stromry01",24,EDM,RW,82,13,-2.5,1.4,1.2,2.5"Ryan Suter, suterry01",33,MIN,D,78,15,12.3,3.2,4.2,7.4"Sam Bennett, bennesa01",21,CGY,C,82,10,1.8,0.5,0.8,1.3"Sam Gagner, gagnesa01",28,VAN,C,74,11,-6.5,1.1,0.7,1.8"Sam Reinhart, reinhsa01",22,BUF,C,82,20,1.2,3.9,1.1,5"Sami Niku, nikusa01",21,WPG,D,1,1,-0.6,0.2,0,0.2"Sami Vatanen, vatansa01",26,TOT,D,72,10,-7.9,1.8,3,4.8"Samuel Blais, blaissa01",21,STL,LW,11,1,-1,0.1,0.2,0.3"Samuel Girard, girarsa01",19,TOT,D,73,7,-4.7,1.2,1.8,3"Samuel Morin, morinsa01",22,PHI,D,2,0,0.7,0,0.1,0.1"Scott Darling, darlisc01",29,CAR,G,43,0,,0,0,3.5"Scott Foster, fostesc01",36,CHI,G,1,0,,0,0,0.1"Scott Harrington, harrisc01",24,CBJ,D,32,2,-6.7,0.2,0.9,1.1"Scott Hartnell, hartnsc01",35,NSH,LW,62,10,-3.7,1.8,0.6,2.4"Scott Laughton, laughsc01",23,PHI,C,81,8,3.1,0.5,0.5,1"Scott Mayfield, mayfisc01",25,NYI,D,47,4,-4.2,0.4,0.9,1.3"Scott Wedgewood, wedgesc01",25,ARI,G,20,0,,0,0,2"Scott Wilson, wilsosc01",25,TOT,C/LW,69,5,-8.9,-0.3,0.4,0.1"Scottie Upshall, upshasc01",34,STL,RW,63,7,-0.7,0.7,0.8,1.6"Sean Couturier, coutuse01",25,PHI,C,82,28,10.9,5.8,3.2,9"Sean Kuraly, kuralse01",25,BOS,C,75,5,5.2,-0.5,0.9,0.3"Sean Monahan, monahse01",23,CGY,C,74,25,12.4,5.8,1.9,7.7"Sebastian Aho, ahose01",20,CAR,RW,78,25,5.4,5.7,1.9,7.6"Sebastian Aho, ahose02",21,NYI,D,22,1,-4.1,0.1,0.2,0.3"Semyon Varlamov, varlasi01",29,COL,G,51,0,,0,0,10.2"Sergei Bobrovsky, bobrose01",29,CBJ,G,65,1,,0,0,12.9"Seth Griffith, griffse01",25,BUF,C,21,1,-2.1,-0.1,0.1,0"Seth Jones, jonesse01",23,CBJ,D,78,20,8.3,5.2,4.7,9.9"Shane Gersich, gersish01",21,WSH,LW,3,0,1,0,0,0"Shane Prince, princsh01",25,NYI,LW,14,1,-4.1,-0.2,0,-0.1"Shawn Matthias, matthsh01",29,WPG,LW,27,1,0.2,-0.4,0.3,-0.2"Shayne Gostisbehere, gostish01",24,PHI,D,78,21,7.4,5.8,4.1,9.8"Shea Theodore, theodsh01",22,VEG,D,61,10,4.8,2.1,2.8,4.9"Shea Weber, webersh01",32,MTL,D,26,6,3.6,1.5,0.9,2.4"Sidney Crosby, crosbsi01",30,PIT,C,82,32,18,7.3,1.8,9.1"Slater Koekkoek, koekksl01",23,TBL,D,35,3,0.4,0.7,0.9,1.6"Sonny Milano, milanso01",21,CBJ,LW,55,10,0.4,2,0.4,2.3"Spencer Foo, foosp01",23,CGY,RW,4,1,1,0.2,0.1,0.3"Stefan Matteau, mattest02",23,VEG,C,8,0,0,-0.1,0.1,0"Stefan Noesen, noesest01",24,NJD,RW,72,11,7.8,1.6,1.6,3.2"Stephen Johns, johnsst03",25,DAL,D,75,6,1,0.8,3.7,4.4"Steve Bernier, bernist01",32,NYI,RW,4,0,-0.9,-0.1,0,-0.2"Steve Mason, masonst01",29,WPG,G,13,0,,0,0,1.9"Steven Fogarty, fogarst01",24,NYR,C,1,0,-0.7,0,0,0"Steven Kampfer, kampfst01",29,NYR,D,22,0,-0.5,-0.4,0.3,-0.1"Steven Santini, santist01",22,NJD,D,36,3,-5.6,0.4,1.6,2"Steven Stamkos, stamkst01",27,TBL,C,78,30,1.9,7.5,1.8,9.3"Sven Andrighetto, andrisv01",24,COL,RW,50,8,-5.7,1.1,0.3,1.4"Sven Baertschi, baertsv01",25,VAN,LW,53,12,-7.9,2.1,1.2,3.3"T.J. Brodie, broditj01",27,CGY,D,73,10,0.5,1.5,3,4.6"T.J. Oshie, oshietj01",31,WSH,RW,74,18,1.9,2.9,1.5,4.4"Tage Thompson, thompta01",20,STL,C,41,3,-5,-0.1,0.2,0"Tanner Fritz, fritzta01",26,NYI,C,34,3,-8.1,-0.2,0.3,0.1"Tanner Glass, glassta01",34,CGY,LW,16,0,0.6,-0.4,0,-0.4"Tanner Kero, kerota01",25,CHI,RW,8,1,-0.5,0.2,0.1,0.3"Tanner Pearson, pearsta01",25,LAK,LW,82,15,-0.7,2,2.1,4"Taylor Chorney, chornta01",30,TOT,D,25,1,-0.8,0.1,1.4,1.5"Taylor Fedun, fedunta01",29,BUF,D,7,0,-1.9,0,0.2,0.2"Taylor Hall, hallta02",26,NJD,LW,76,37,12.2,9.9,2.3,12.2"Taylor Leier, leierta01",23,PHI,LW,39,2,1.8,-0.5,0.2,-0.4"Teuvo Teravainen, teravte01",23,CAR,LW,82,23,9.2,5,2.1,7.1"Thatcher Demko, demkoth01",22,VAN,G,1,0,,0,0,0"Thomas Chabot, chaboth01",21,OTT,D,63,9,-1.6,2.1,1.5,3.6"Thomas Greiss, greisth01",32,NYI,G,27,0,,0,0,3"Thomas Hickey, hicketh01",28,NYI,D,69,8,-4.7,1.5,3.6,5.1"Thomas Vanek, vanekth01",34,TOT,LW,80,22,-2.2,5.1,1.3,6.4"Tim Heed, heedti01",27,SJS,D,29,4,5.6,0.8,1.1,2"Tim Schaller, schalti01",27,BOS,C,82,9,5.8,0.4,1.1,1.5"Timo Meier, meierti01",21,SJS,RW,81,15,5.3,2.4,1.6,4"Tobias Rieder, riedeto01",25,TOT,RW,78,10,-7.6,0.6,1,1.7"Toby Enstrom, enstrto01",33,WPG,D,43,2,6.2,-0.2,2,1.8"Tom Kuhnhackl, kuhnhto01",26,PIT,RW,69,3,-2.5,-0.9,0.5,-0.4"Tom Pyatt, pyattto01",30,OTT,LW,81,8,-8,-0.2,0.8,0.6"Tom Wilson, wilsoto01",23,WSH,RW,78,13,-4.6,1.5,1.7,3.2"Tomas Hertl, hertlto01",24,SJS,C,79,18,2.7,2.9,1.7,4.6"Tomas Hyka, hykato01",24,VEG,RW,10,1,2.1,0.1,0.2,0.3"Tomas Jurco, jurcoto01",25,CHI,LW,29,4,2.7,0.6,0.5,1.1"Tomas Nosek, nosekto01",25,VEG,LW,67,6,-0.4,0.2,1,1.2"Tomas Plekanec, plekato01",35,TOT,C,77,9,11,0.1,1.5,1.6"Tomas Tatar, tatarto01",27,TOT,LW,82,15,-4.9,1.8,0.8,2.7"Tommy Wingels, wingeto01",29,TOT,RW,75,7,1.5,0.3,0.6,0.8"Torey Krug, krugto01",26,BOS,D,76,20,9.9,5.6,3.3,8.8"Torrey Mitchell, mitchto01",33,TOT,C,60,5,-1.6,-0.2,0.7,0.5"Travis Boyd, boydtr01",24,WSH,C,8,0,-2,-0.1,0.2,0.1"Travis Dermott, dermotr01",21,TOR,D,37,4,6.8,0.7,2.3,3.1"Travis Hamonic, hamontr01",27,CGY,D,74,3,-3,-0.7,3.1,2.4"Travis Konecny, konectr01",20,PHI,C,81,19,5.9,3.8,1.9,5.7"Travis Sanheim, sanhetr01",21,PHI,D,49,3,5.4,0.3,1,1.3"Travis Zajac, zajactr01",32,NJD,C,63,11,-2.4,0.9,1,1.9"Trevor Carrick, carritr01",23,CAR,D,1,0,-0.4,0,0,0"Trevor Daley, daleytr01",34,DET,D,77,7,-12.6,0.6,3.4,4"Trevor Lewis, lewistr01",31,LAK,C,68,11,0.6,1.2,1.1,2.2"Trevor Murphy, murphtr01",22,ARI,D,8,1,-2.9,0.3,0.7,1"Trevor van Riemsdyk, vanritr01",26,CAR,D,79,5,6.5,0.3,4,4.2"Tristan Jarry, jarrytr01",22,PIT,G,26,1,,0,0,3.5"Troy Brouwer, brouwtr01",32,CGY,RW,76,7,-4,-0.1,1.1,1"Troy Stecher, stechtr01",23,VAN,D,68,3,-6.5,-0.4,2.4,2.1"Troy Terry, terrytr01",20,ANA,RW,2,0,-0.1,-0.1,0,0"Tucker Poolman, poolmtu01",24,WPG,D,24,1,1.4,-0.1,0.7,0.7"Tuukka Rask, rasktu01",30,BOS,G,54,1,,0,0,9.3"Ty Rattie, rattity01",24,EDM,RW,14,4,-2.6,0.8,0.3,1.1"Tyler Bertuzzi, bertuty01",22,DET,LW,48,8,1,1.2,0.6,1.8"Tyler Bozak, bozakty01",31,TOR,C,81,15,10,2.1,1.5,3.6"Tyler Ennis, ennisty01",28,MIN,LW,73,8,4.7,0.6,0.9,1.5"Tyler Graovac, graovty01",24,WSH,C,5,0,-1.7,-0.1,-0.1,-0.2"Tyler Johnson, johnsty01",27,TBL,C,81,19,-1.8,3.4,1.2,4.6"Tyler Motte, mottety01",22,TOT,LW,46,3,-3.6,-0.2,0.4,0.2"Tyler Myers, myersty01",27,WPG,D,82,11,-0.9,2.1,4,6.2"Tyler Pitlick, pitlity01",26,DAL,C,80,11,-2,1.2,1.7,2.9"Tyler Seguin, seguity01",26,DAL,C,82,32,13.4,7.6,2.6,10.2"Tyler Toffoli, toffoty01",25,LAK,C,82,19,0.8,3.6,2,5.6"Tyrell Goulbourne, goulbty01",24,PHI,LW,9,0,-0.6,-0.1,0,-0.2"Tyson Barrie, barrity01",26,COL,D,68,19,-13.6,5.5,2.1,7.5"Tyson Jost, jostty01",19,COL,C,65,9,-4.7,0.9,0.8,1.6"Vadim Shipachyov, shipava01",30,VEG,LW,3,1,0.2,0.1,0.1,0.3"Valentin Zykov, zykovva01",22,CAR,LW,10,3,1.3,0.6,0.3,1"Valtteri Filppula, filppva01",33,PHI,C,81,12,-6.1,0.7,1.1,1.8"Victor Antipin, antipvi01",25,BUF,D,47,3,-2.9,0.1,1.2,1.4"Victor Ejdsell, ejdsevi01",22,CHI,C,6,0,-1.1,-0.1,0.1,-0.1"Victor Hedman, hedmavi01",27,TBL,D,77,22,4.4,5.7,5.2,11"Victor Mete, metevi01",19,MTL,D,49,2,11.5,-0.2,2.2,2"Victor Rask, raskvi01",24,CAR,C,71,12,0.4,1.5,1.4,2.9"Viktor Arvidsson, arvidvi01",24,NSH,LW,78,25,-10.2,5.5,2.1,7.6"Vince Dunn, dunnvi02",21,STL,D,75,8,6.5,1.3,3.1,4.4"Vincent Trocheck, trochvi01",24,FLA,C,82,28,-5.3,5.9,1.5,7.4"Vinni Lettieri, lettivi01",22,NYR,C,19,2,-2.2,0,-0.2,-0.2"Vinnie Hinostroza, hinosvi01",23,CHI,LW,50,9,4.4,1.4,1,2.4"Vladimir Sobotka, sobotvl01",30,STL,LW,81,11,-8.5,0.4,1.6,1.9"Vladimir Tarasenko, tarasvl01",26,STL,RW,80,26,7.1,5.8,2.5,8.4"Vladislav Kamenev, kamenvl01",21,COL,C,3,0,-1.1,-0.1,0,-0.1"Vladislav Namestnikov, namesvl01",25,TOT,C,81,19,-6,3.3,1.4,4.7"Wade Megan, meganwa01",27,STL,C,1,0,0,0,0,0"Warren Foegele, foegewa01",21,CAR,LW,2,1,0.6,0.4,0.1,0.6"Wayne Simmonds, simmowa01",29,PHI,RW,75,19,-2.5,3.2,0.8,4"Will Butcher, butchwi01",23,NJD,D,81,14,12,3.6,3,6.6"Will O'Neill, oneilwi01",29,PHI,D,1,0,-0.4,0,0,0"William Carrier, carriwi01",23,VEG,LW,37,1,0.2,-0.5,0.2,-0.3"William Karlsson, karlswi01",25,VEG,C,82,33,7.6,8.3,3.5,11.8"William Nylander, nylanwi01",21,TOR,C,82,22,3.7,4.6,2.1,6.7"Xavier Ouellet, ouellxa01",24,DET,D,45,2,-2.6,-0.1,1.2,1.2"Yanni Gourde, gourdya01",26,TBL,C,82,24,4,5.4,2.3,7.7"Yannick Weber, weberya01",29,NSH,D,47,2,-1.9,0,1.2,1.3"Yohann Auvitu, auvityo01",28,EDM,D,33,3,0.9,0.7,1.2,1.9"Zac Dalpe, dalpeza01",28,CBJ,C,12,0,1.5,-0.3,0,-0.3"Zac Rinaldo, rinalza01",27,ARI,LW,53,3,-6.6,-0.4,0.5,0.1"Zach Aston-Reese, astonza01",23,PIT,C,16,3,-0.8,0.5,0.3,0.8"Zach Bogosian, bogosza01",27,BUF,D,18,0,0,-0.3,0.2,-0.1"Zach Hyman, hymanza01",25,TOR,C,82,15,3.6,1.8,2.2,4"Zach Parise, parisza01",33,MIN,LW,42,11,5,2,0.7,2.7"Zach Redmond, redmoza01",29,BUF,D,3,0,0.5,-0.1,0.2,0.1"Zach Trotman, trotmza01",27,PIT,D,3,0,-0.1,0,-0.2,-0.2"Zach Werenski, werenza01",20,CBJ,D,77,15,11.7,3.4,4.2,7.5"Zach Whitecloud, whiteza01",21,VEG,D,1,0,0.3,0,0.3,0.2"Zack Kassian, kassiza01",27,EDM,RW,74,7,-5.8,0.3,0.6,0.9"Zack Mitchell, mitchza01",25,MIN,RW,23,2,-3.5,0.1,0.2,0.3"Zack Smith, smithza01",29,OTT,LW,68,6,-10.7,-0.7,0.1,-0.7"Zdeno Chara, charazd01",40,BOS,D,73,8,11.9,1.1,5.2,6.3"Zemgus Girgensons, girgeze01",24,BUF,C,71,6,-1.5,-0.4,1,0.5